"effect","group","term","estimate","std.error","statistic","df","p.value"
"fixed",NA,"(Intercept)",792.240047603558,16.4198398184169,48.2489510473154,103.440572021372,9.67639998784027e-73
"fixed",NA,"cat",75.6315543483237,26.447039352569,2.8597361443778,51.9276047893233,0.00609248428138019
"ran_pars","subj_id","sd__(Intercept)",99.2311420202793,NA,NA,NA,NA
"ran_pars","subj_id","cor__(Intercept).cat",0.369256375603295,NA,NA,NA,NA
"ran_pars","subj_id","sd__cat",38.5669725702639,NA,NA,NA,NA
"ran_pars","item_id","sd__(Intercept)",90.356462611901,NA,NA,NA,NA
"ran_pars","Residual","sd__Observation",198.206173986343,NA,NA,NA,NA
"fixed",NA,"(Intercept)",799.672321251991,17.3272716495858,46.1510812217864,105.853999775164,6.10071818419784e-72
"fixed",NA,"cat",33.2202604658146,27.5832985651278,1.20436141411358,51.4720344310317,0.233958859980095
"ran_pars","subj_id","sd__(Intercept)",106.401962805726,NA,NA,NA,NA
"ran_pars","subj_id","cor__(Intercept).cat",0.0204297708552653,NA,NA,NA,NA
"ran_pars","subj_id","sd__cat",35.7156772513637,NA,NA,NA,NA
"ran_pars","item_id","sd__(Intercept)",94.5839472081794,NA,NA,NA,NA
"ran_pars","Residual","sd__Observation",201.222570053677,NA,NA,NA,NA
"fixed",NA,"(Intercept)",805.002290318648,14.3637512757386,56.0440148861638,136.280873034548,5.44905387775235e-96
"fixed",NA,"cat",82.5216150923373,18.71696517011,4.40892069533365,55.1766599316126,4.84923562311484e-05
"ran_pars","subj_id","sd__(Intercept)",111.262026515799,NA,NA,NA,NA
"ran_pars","subj_id","cor__(Intercept).cat",0.101165931977996,NA,NA,NA,NA
"ran_pars","subj_id","sd__cat",44.9721292693412,NA,NA,NA,NA
"ran_pars","item_id","sd__(Intercept)",61.0324952693741,NA,NA,NA,NA
"ran_pars","Residual","sd__Observation",200.320439435265,NA,NA,NA,NA
"fixed",NA,"(Intercept)",782.390337452371,14.4775141904129,54.0417593215329,126.310599794878,3.57321026591519e-89
"fixed",NA,"cat",17.675285368982,20.8118917459025,0.849287781465706,53.9516193815469,0.39947407575721
"ran_pars","subj_id","sd__(Intercept)",102.985382222758,NA,NA,NA,NA
"ran_pars","subj_id","cor__(Intercept).cat",0.571603871835348,NA,NA,NA,NA
"ran_pars","subj_id","sd__cat",43.5668768348187,NA,NA,NA,NA
"ran_pars","item_id","sd__(Intercept)",69.0206935117684,NA,NA,NA,NA
"ran_pars","Residual","sd__Observation",203.241296997347,NA,NA,NA,NA
"fixed",NA,"(Intercept)",814.549270843336,15.6771647431275,51.9576903215498,130.981516161772,2.78198398198617e-89
"fixed",NA,"cat",11.2545121384575,21.6931186509847,0.518805632308042,51.7562079620819,0.606107593326321
"ran_pars","subj_id","sd__(Intercept)",114.337492647091,NA,NA,NA,NA
"ran_pars","subj_id","cor__(Intercept).cat",0.246933547858248,NA,NA,NA,NA
"ran_pars","subj_id","sd__cat",32.2798826916145,NA,NA,NA,NA
"ran_pars","item_id","sd__(Intercept)",73.1066547107057,NA,NA,NA,NA
"ran_pars","Residual","sd__Observation",201.881312596413,NA,NA,NA,NA
"fixed",NA,"(Intercept)",797.208897521561,16.0607155110256,49.6371968592733,93.2330190776803,7.60625371220629e-69
"fixed",NA,"cat",53.9818510096805,27.1370014700452,1.98923418526058,53.2402244663163,0.0518240233119325
"ran_pars","subj_id","sd__(Intercept)",89.438379299459,NA,NA,NA,NA
"ran_pars","subj_id","cor__(Intercept).cat",-0.0895143103200525,NA,NA,NA,NA
"ran_pars","subj_id","sd__cat",49.597848289319,NA,NA,NA,NA
"ran_pars","item_id","sd__(Intercept)",92.2060564916774,NA,NA,NA,NA
"ran_pars","Residual","sd__Observation",198.937285771595,NA,NA,NA,NA
"fixed",NA,"(Intercept)",801.817045384708,16.2099583004137,49.4644730433543,112.882313293833,2.37428329661979e-78
"fixed",NA,"cat",61.1224986217392,25.0223213043842,2.44271895793416,51.9092143993698,0.0180170223502675
"ran_pars","subj_id","sd__(Intercept)",104.694598521198,NA,NA,NA,NA
"ran_pars","subj_id","cor__(Intercept).cat",0.397049052265856,NA,NA,NA,NA
"ran_pars","subj_id","sd__cat",36.7476930374336,NA,NA,NA,NA
"ran_pars","item_id","sd__(Intercept)",85.1410763530819,NA,NA,NA,NA
"ran_pars","Residual","sd__Observation",202.152180977442,NA,NA,NA,NA
"fixed",NA,"(Intercept)",805.859459001353,13.5587000065157,59.4348616470675,113.221171565254,3.31228748292442e-87
"fixed",NA,"cat",34.8782267478878,20.7550319920455,1.68047087382255,51.9626934813638,0.0988684614897138
"ran_pars","subj_id","sd__(Intercept)",88.7005096236706,NA,NA,NA,NA
"ran_pars","subj_id","cor__(Intercept).cat",0.146534041853689,NA,NA,NA,NA
"ran_pars","subj_id","sd__cat",31.8263818615924,NA,NA,NA,NA
"ran_pars","item_id","sd__(Intercept)",69.6676342219663,NA,NA,NA,NA
"ran_pars","Residual","sd__Observation",201.108883816678,NA,NA,NA,NA
"fixed",NA,"(Intercept)",814.18909581599,15.8637538108138,51.3238610183791,127.00860124986,8.66356622834296e-87
"fixed",NA,"cat",100.508450342784,22.7987869549744,4.40849991454719,53.2207258734636,5.08592312092026e-05
"ran_pars","subj_id","sd__(Intercept)",112.412701589145,NA,NA,NA,NA
"ran_pars","subj_id","cor__(Intercept).cat",0.063420245535456,NA,NA,NA,NA
"ran_pars","subj_id","sd__cat",43.1446009144705,NA,NA,NA,NA
"ran_pars","item_id","sd__(Intercept)",76.541253583397,NA,NA,NA,NA
"ran_pars","Residual","sd__Observation",201.510051635739,NA,NA,NA,NA
"fixed",NA,"(Intercept)",791.348220760184,15.5593137194261,50.8600980114034,121.106575088394,1.42928910201671e-83
"fixed",NA,"cat",73.540544877619,23.0056774137992,3.19662592649883,51.823968454464,0.00237004002366741
"ran_pars","subj_id","sd__(Intercept)",106.135007868638,NA,NA,NA,NA
"ran_pars","subj_id","cor__(Intercept).cat",0.358955693947509,NA,NA,NA,NA
"ran_pars","subj_id","sd__cat",33.8789247183256,NA,NA,NA,NA
"ran_pars","item_id","sd__(Intercept)",77.9597266978481,NA,NA,NA,NA
"ran_pars","Residual","sd__Observation",198.638676127183,NA,NA,NA,NA
"fixed",NA,"(Intercept)",822.87532420875,15.3668806678654,53.5486246033989,131.174184608036,5.17622140611375e-91
"fixed",NA,"cat",36.8866345569178,21.483622949472,1.71696527367254,54.1905435330921,0.0916966162434783
"ran_pars","subj_id","sd__(Intercept)",112.267257153191,NA,NA,NA,NA
"ran_pars","subj_id","cor__(Intercept).cat",0.228497359956606,NA,NA,NA,NA
"ran_pars","subj_id","sd__cat",45.9776579890129,NA,NA,NA,NA
"ran_pars","item_id","sd__(Intercept)",71.4950352340986,NA,NA,NA,NA
"ran_pars","Residual","sd__Observation",198.379055231002,NA,NA,NA,NA
"fixed",NA,"(Intercept)",806.869110382633,15.0426643776987,53.6387098803351,123.393102344404,2.28521424694846e-87
"fixed",NA,"cat",29.1355269846898,21.9863916412511,1.32516183010337,52.3771768050912,0.190869400213782
"ran_pars","subj_id","sd__(Intercept)",104.284980756145,NA,NA,NA,NA
"ran_pars","subj_id","cor__(Intercept).cat",0.157022579027235,NA,NA,NA,NA
"ran_pars","subj_id","sd__cat",36.4536685869599,NA,NA,NA,NA
"ran_pars","item_id","sd__(Intercept)",74.1071230110595,NA,NA,NA,NA
"ran_pars","Residual","sd__Observation",196.097754289402,NA,NA,NA,NA
"fixed",NA,"(Intercept)",810.271182019951,14.3469371172049,56.4769452462624,115.872639333073,3.66689557908606e-86
"fixed",NA,"cat",61.9204182390192,22.011587239185,2.81308283524363,54.4838465181492,0.00681068008792512
"ran_pars","subj_id","sd__(Intercept)",95.1088713612195,NA,NA,NA,NA
"ran_pars","subj_id","cor__(Intercept).cat",0.0958273610639453,NA,NA,NA,NA
"ran_pars","subj_id","sd__cat",47.9577425160054,NA,NA,NA,NA
"ran_pars","item_id","sd__(Intercept)",73.2921809170097,NA,NA,NA,NA
"ran_pars","Residual","sd__Observation",199.283151038181,NA,NA,NA,NA
"fixed",NA,"(Intercept)",821.75375425842,13.7962652268852,59.5634935067095,125.921501155996,4.17358970558731e-94
"fixed",NA,"cat",27.6621310631174,19.816477687614,1.39591563643055,53.8338602318009,0.168470475700058
"ran_pars","subj_id","sd__(Intercept)",98.1763663255126,NA,NA,NA,NA
"ran_pars","subj_id","cor__(Intercept).cat",0.313604216978766,NA,NA,NA,NA
"ran_pars","subj_id","sd__cat",41.0962374150192,NA,NA,NA,NA
"ran_pars","item_id","sd__(Intercept)",65.5595028005301,NA,NA,NA,NA
"ran_pars","Residual","sd__Observation",199.874673391808,NA,NA,NA,NA
"fixed",NA,"(Intercept)",788.295531562625,14.926174514799,52.8129649550224,122.315712246435,4.72315903776576e-86
"fixed",NA,"cat",53.5899296443644,21.8193066894107,2.45607848164912,51.5955417099969,0.0174507871347514
"ran_pars","subj_id","sd__(Intercept)",103.027347588347,NA,NA,NA,NA
"ran_pars","subj_id","cor__(Intercept).cat",0.460862768906267,NA,NA,NA,NA
"ran_pars","subj_id","sd__cat",30.8298165178754,NA,NA,NA,NA
"ran_pars","item_id","sd__(Intercept)",73.6500787162526,NA,NA,NA,NA
"ran_pars","Residual","sd__Observation",201.961137810439,NA,NA,NA,NA
"fixed",NA,"(Intercept)",777.024055170725,16.4809623111754,47.1467648854365,133.032256196472,6.71069887859289e-85
"fixed",NA,"cat",17.3039272859518,22.8711592161438,0.756582870261236,54.4961345211454,0.452558329127771
"ran_pars","subj_id","sd__(Intercept)",121.309828669338,NA,NA,NA,NA
"ran_pars","subj_id","cor__(Intercept).cat",0.572710448373808,NA,NA,NA,NA
"ran_pars","subj_id","sd__cat",50.2438357929503,NA,NA,NA,NA
"ran_pars","item_id","sd__(Intercept)",76.3428765608905,NA,NA,NA,NA
"ran_pars","Residual","sd__Observation",198.704269616184,NA,NA,NA,NA
"fixed",NA,"(Intercept)",788.632507409571,13.3165027102007,59.2221940378883,110.570826065192,1.37699443882703e-85
"fixed",NA,"cat",55.8928660772347,20.7684050572373,2.6912449908019,53.2174895731248,0.00949261095312322
"ran_pars","subj_id","sd__(Intercept)",85.6423120423414,NA,NA,NA,NA
"ran_pars","subj_id","cor__(Intercept).cat",0.0343440714389016,NA,NA,NA,NA
"ran_pars","subj_id","sd__cat",39.2350549594391,NA,NA,NA,NA
"ran_pars","item_id","sd__(Intercept)",69.2539968033316,NA,NA,NA,NA
"ran_pars","Residual","sd__Observation",200.759393883421,NA,NA,NA,NA
"fixed",NA,"(Intercept)",819.22177595805,16.3832143751052,50.003726814616,98.8287757261093,5.56371179996922e-72
"fixed",NA,"cat",68.6662845888368,26.9885643940907,2.54427332947994,52.6576152285199,0.0139206950606088
"ran_pars","subj_id","sd__(Intercept)",95.6209108879186,NA,NA,NA,NA
"ran_pars","subj_id","cor__(Intercept).cat",0.318239947378762,NA,NA,NA,NA
"ran_pars","subj_id","sd__cat",45.2527335890188,NA,NA,NA,NA
"ran_pars","item_id","sd__(Intercept)",91.9049351027641,NA,NA,NA,NA
"ran_pars","Residual","sd__Observation",200.571500286707,NA,NA,NA,NA
"fixed",NA,"(Intercept)",800.520677700491,15.7203254872431,50.9226528642875,114.116640746167,2.60753007130181e-80
"fixed",NA,"cat",32.642723377251,23.9996110604945,1.36013551615358,51.0997571814682,0.179757572643208
"ran_pars","subj_id","sd__(Intercept)",102.539937844685,NA,NA,NA,NA
"ran_pars","subj_id","cor__(Intercept).cat",0.190263655975729,NA,NA,NA,NA
"ran_pars","subj_id","sd__cat",28.3625659684444,NA,NA,NA,NA
"ran_pars","item_id","sd__(Intercept)",81.7957741820759,NA,NA,NA,NA
"ran_pars","Residual","sd__Observation",202.154290234256,NA,NA,NA,NA
"fixed",NA,"(Intercept)",806.73045533656,15.581759704303,51.774027494069,120.287476116599,4.46427911476187e-84
"fixed",NA,"cat",39.3714453791578,23.1019031452099,1.70425116630797,51.414801148808,0.094371236216453
"ran_pars","subj_id","sd__(Intercept)",105.692883611116,NA,NA,NA,NA
"ran_pars","subj_id","cor__(Intercept).cat",0.503189097885576,NA,NA,NA,NA
"ran_pars","subj_id","sd__cat",30.6143966808277,NA,NA,NA,NA
"ran_pars","item_id","sd__(Intercept)",78.5090052160573,NA,NA,NA,NA
"ran_pars","Residual","sd__Observation",197.586702766226,NA,NA,NA,NA
"fixed",NA,"(Intercept)",810.45349703063,16.2952648222066,49.7355216913182,131.15276271643,5.44003228680649e-87
"fixed",NA,"cat",49.1145102099019,22.5663659019703,2.17644748043431,51.4117831348029,0.034139299406147
"ran_pars","subj_id","sd__(Intercept)",118.563635584683,NA,NA,NA,NA
"ran_pars","subj_id","cor__(Intercept).cat",-0.0344424109549243,NA,NA,NA,NA
"ran_pars","subj_id","sd__cat",30.645839588115,NA,NA,NA,NA
"ran_pars","item_id","sd__(Intercept)",76.4343430267476,NA,NA,NA,NA
"ran_pars","Residual","sd__Observation",201.47112592921,NA,NA,NA,NA
"fixed",NA,"(Intercept)",797.38224132518,15.0159125498407,53.1024830278223,119.036083047506,9.83306304316842e-85
"fixed",NA,"cat",70.3179231200545,22.7827198123114,3.08645867128015,55.1738134315313,0.00316555378032879
"ran_pars","subj_id","sd__(Intercept)",101.33340084452,NA,NA,NA,NA
"ran_pars","subj_id","cor__(Intercept).cat",0.218784280966911,NA,NA,NA,NA
"ran_pars","subj_id","sd__cat",52.8016366195999,NA,NA,NA,NA
"ran_pars","item_id","sd__(Intercept)",75.7677597828373,NA,NA,NA,NA
"ran_pars","Residual","sd__Observation",199.724560170967,NA,NA,NA,NA
"fixed",NA,"(Intercept)",778.888964816884,13.0824806696215,59.5367946253131,111.924757419262,1.40582228940467e-86
"fixed",NA,"cat",56.4235081920945,20.3690827108769,2.77005641309341,54.481820772079,0.00764873458770901
"ran_pars","subj_id","sd__(Intercept)",85.1042578866018,NA,NA,NA,NA
"ran_pars","subj_id","cor__(Intercept).cat",0.311453481605835,NA,NA,NA,NA
"ran_pars","subj_id","sd__cat",44.7255151066911,NA,NA,NA,NA
"ran_pars","item_id","sd__(Intercept)",67.2769032219691,NA,NA,NA,NA
"ran_pars","Residual","sd__Observation",202.488508611865,NA,NA,NA,NA
"fixed",NA,"(Intercept)",822.241542157082,14.1238048872421,58.2167162971646,119.625414600912,1.27102425184944e-89
"fixed",NA,"cat",68.5047031452275,21.2201949956324,3.22827868261,54.3577332508602,0.00211325023123477
"ran_pars","subj_id","sd__(Intercept)",96.0009655955593,NA,NA,NA,NA
"ran_pars","subj_id","cor__(Intercept).cat",0.165599747955978,NA,NA,NA,NA
"ran_pars","subj_id","sd__cat",45.843901985304,NA,NA,NA,NA
"ran_pars","item_id","sd__(Intercept)",70.5512216387225,NA,NA,NA,NA
"ran_pars","Residual","sd__Observation",197.110540633199,NA,NA,NA,NA
"fixed",NA,"(Intercept)",788.139064105051,14.9469934369369,52.7289362526518,115.216628836714,1.63969185925202e-82
"fixed",NA,"cat",69.2707005609953,22.8682042361306,3.02912724784708,52.8878118984351,0.00378818717109163
"ran_pars","subj_id","sd__(Intercept)",98.4084594163339,NA,NA,NA,NA
"ran_pars","subj_id","cor__(Intercept).cat",0.239032032027701,NA,NA,NA,NA
"ran_pars","subj_id","sd__cat",40.8329635930269,NA,NA,NA,NA
"ran_pars","item_id","sd__(Intercept)",77.0100708500595,NA,NA,NA,NA
"ran_pars","Residual","sd__Observation",199.491149055077,NA,NA,NA,NA
"fixed",NA,"(Intercept)",796.34807003327,15.4758673946452,51.4574110598038,115.29151853235,2.24199206089456e-81
"fixed",NA,"cat",63.3027853400872,23.4142988038712,2.70359517790134,50.4891751607033,0.00932280853126325
"ran_pars","subj_id","sd__(Intercept)",101.746248701063,NA,NA,NA,NA
"ran_pars","subj_id","cor__(Intercept).cat",0.778749175461,NA,NA,NA,NA
"ran_pars","subj_id","sd__cat",20.7640723363894,NA,NA,NA,NA
"ran_pars","item_id","sd__(Intercept)",79.9931898536238,NA,NA,NA,NA
"ran_pars","Residual","sd__Observation",200.015898243905,NA,NA,NA,NA
"fixed",NA,"(Intercept)",779.71985973262,14.8903715730429,52.3640297293994,132.67831659639,1.71701083721554e-90
"fixed",NA,"cat",45.3776523418402,20.4458861229165,2.21940257658871,54.1877780220003,0.0306655339907887
"ran_pars","subj_id","sd__(Intercept)",110.486391091358,NA,NA,NA,NA
"ran_pars","subj_id","cor__(Intercept).cat",0.110112703478528,NA,NA,NA,NA
"ran_pars","subj_id","sd__cat",44.0809501640774,NA,NA,NA,NA
"ran_pars","item_id","sd__(Intercept)",67.7197896866622,NA,NA,NA,NA
"ran_pars","Residual","sd__Observation",199.1399145737,NA,NA,NA,NA
"fixed",NA,"(Intercept)",805.61079211113,17.0003064284762,47.3880159455066,101.333330276744,5.75320050900028e-71
"fixed",NA,"cat",42.6581653796071,27.7307094326384,1.53830054305785,52.6125840575007,0.129968183392347
"ran_pars","subj_id","sd__(Intercept)",101.036816718075,NA,NA,NA,NA
"ran_pars","subj_id","cor__(Intercept).cat",0.230455637902224,NA,NA,NA,NA
"ran_pars","subj_id","sd__cat",46.1390336809239,NA,NA,NA,NA
"ran_pars","item_id","sd__(Intercept)",94.5901316753808,NA,NA,NA,NA
"ran_pars","Residual","sd__Observation",199.752035403241,NA,NA,NA,NA
"fixed",NA,"(Intercept)",806.941910980065,15.5006445530413,52.0586036418556,126.8382611215,1.8570234418608e-87
"fixed",NA,"cat",69.0289773168337,22.1904977352968,3.11074488460142,52.4673622256175,0.00301588991473055
"ran_pars","subj_id","sd__(Intercept)",109.858848674484,NA,NA,NA,NA
"ran_pars","subj_id","cor__(Intercept).cat",0.0602865560503065,NA,NA,NA,NA
"ran_pars","subj_id","sd__cat",37.545876983493,NA,NA,NA,NA
"ran_pars","item_id","sd__(Intercept)",74.6834202936492,NA,NA,NA,NA
"ran_pars","Residual","sd__Observation",200.350316991835,NA,NA,NA,NA
"fixed",NA,"(Intercept)",790.93538021218,14.6644329378136,53.9356266666595,122.056326768119,5.3672300158557e-87
"fixed",NA,"cat",5.9931271245288,21.7715774024395,0.275272986139133,54.4929635407717,0.784147617510176
"ran_pars","subj_id","sd__(Intercept)",101.109372067257,NA,NA,NA,NA
"ran_pars","subj_id","cor__(Intercept).cat",0.121415111782364,NA,NA,NA,NA
"ran_pars","subj_id","sd__cat",47.6900553923453,NA,NA,NA,NA
"ran_pars","item_id","sd__(Intercept)",72.3931074252598,NA,NA,NA,NA
"ran_pars","Residual","sd__Observation",199.991276504621,NA,NA,NA,NA
"fixed",NA,"(Intercept)",788.387518933164,14.7855119868291,53.3216245494549,120.297861268699,1.47825315888638e-85
"fixed",NA,"cat",82.5649903072726,21.9428585523107,3.76272718116656,52.3977218568587,0.000425726116711325
"ran_pars","subj_id","sd__(Intercept)",100.786078934565,NA,NA,NA,NA
"ran_pars","subj_id","cor__(Intercept).cat",0.180601989631564,NA,NA,NA,NA
"ran_pars","subj_id","sd__cat",36.5471351492145,NA,NA,NA,NA
"ran_pars","item_id","sd__(Intercept)",73.7801159877723,NA,NA,NA,NA
"ran_pars","Residual","sd__Observation",202.026202994246,NA,NA,NA,NA
"fixed",NA,"(Intercept)",796.185322488456,13.2579751348926,60.0533123940652,122.826056660009,6.74992094391844e-93
"fixed",NA,"cat",82.3796188854584,19.4622255624536,4.23279540261749,55.018213207884,8.82540441851914e-05
"ran_pars","subj_id","sd__(Intercept)",92.8691605051966,NA,NA,NA,NA
"ran_pars","subj_id","cor__(Intercept).cat",0.161751249838377,NA,NA,NA,NA
"ran_pars","subj_id","sd__cat",45.4641001799355,NA,NA,NA,NA
"ran_pars","item_id","sd__(Intercept)",63.7432135898011,NA,NA,NA,NA
"ran_pars","Residual","sd__Observation",203.262753264496,NA,NA,NA,NA
"fixed",NA,"(Intercept)",822.283265908698,14.7864340126383,55.6106540093354,124.200233382784,1.24933856669558e-89
"fixed",NA,"cat",78.4047763399988,21.3627377552646,3.67016518379891,51.4167684638273,0.000576553081873456
"ran_pars","subj_id","sd__(Intercept)",103.262310569032,NA,NA,NA,NA
"ran_pars","subj_id","cor__(Intercept).cat",0.244380292871545,NA,NA,NA,NA
"ran_pars","subj_id","sd__cat",28.8725345648023,NA,NA,NA,NA
"ran_pars","item_id","sd__(Intercept)",72.163736443966,NA,NA,NA,NA
"ran_pars","Residual","sd__Observation",198.185340255927,NA,NA,NA,NA
"fixed",NA,"(Intercept)",797.047737808442,15.0693291093298,52.8920519304984,102.365618651241,3.75000766545305e-76
"fixed",NA,"cat",27.8277955983355,24.6403616693806,1.12935824448209,54.3945662034293,0.263702705168764
"ran_pars","subj_id","sd__(Intercept)",90.6320522239984,NA,NA,NA,NA
"ran_pars","subj_id","cor__(Intercept).cat",0.358876507990754,NA,NA,NA,NA
"ran_pars","subj_id","sd__cat",52.3215630405417,NA,NA,NA,NA
"ran_pars","item_id","sd__(Intercept)",82.8225585642522,NA,NA,NA,NA
"ran_pars","Residual","sd__Observation",196.868823832027,NA,NA,NA,NA
"fixed",NA,"(Intercept)",799.170387188469,14.6390980570033,54.5915044818043,118.43518400758,8.32075735581348e-86
"fixed",NA,"cat",68.2887234146448,21.7530121062178,3.1392766703387,50.8407451156152,0.00281919123350675
"ran_pars","subj_id","sd__(Intercept)",98.7163265810964,NA,NA,NA,NA
"ran_pars","subj_id","cor__(Intercept).cat",0.296347544959074,NA,NA,NA,NA
"ran_pars","subj_id","sd__cat",24.0360008105558,NA,NA,NA,NA
"ran_pars","item_id","sd__(Intercept)",73.6639496823138,NA,NA,NA,NA
"ran_pars","Residual","sd__Observation",204.040571087221,NA,NA,NA,NA
"fixed",NA,"(Intercept)",808.727643538433,15.3199274423657,52.7892606920563,107.617234963313,9.22055417315697e-79
"fixed",NA,"cat",55.1016994146341,24.274326520936,2.26995790664306,52.6659042928516,0.0273293763507872
"ran_pars","subj_id","sd__(Intercept)",95.7440832347483,NA,NA,NA,NA
"ran_pars","subj_id","cor__(Intercept).cat",0.192537861703526,NA,NA,NA,NA
"ran_pars","subj_id","sd__cat",41.3755962689859,NA,NA,NA,NA
"ran_pars","item_id","sd__(Intercept)",82.1276287598635,NA,NA,NA,NA
"ran_pars","Residual","sd__Observation",201.642430807115,NA,NA,NA,NA
"fixed",NA,"(Intercept)",799.768167430154,16.1327817478649,49.5741019701083,110.977999115343,1.49812681428533e-77
"fixed",NA,"cat",76.2701399459014,25.2979166943742,3.01487829481479,53.3541062603027,0.0039296754543627
"ran_pars","subj_id","sd__(Intercept)",102.944267821192,NA,NA,NA,NA
"ran_pars","subj_id","cor__(Intercept).cat",0.533537636962837,NA,NA,NA,NA
"ran_pars","subj_id","sd__cat",47.7691244092905,NA,NA,NA,NA
"ran_pars","item_id","sd__(Intercept)",85.4653440304866,NA,NA,NA,NA
"ran_pars","Residual","sd__Observation",202.54534735253,NA,NA,NA,NA
"fixed",NA,"(Intercept)",779.977195064523,14.7739746825052,52.7939983536144,102.456702855262,4.04081784489814e-76
"fixed",NA,"cat",64.022486757363,23.8078019755069,2.68913891434532,51.7656789728132,0.00961634450515065
"ran_pars","subj_id","sd__(Intercept)",89.1195173424174,NA,NA,NA,NA
"ran_pars","subj_id","cor__(Intercept).cat",0.0634996049399629,NA,NA,NA,NA
"ran_pars","subj_id","sd__cat",33.7959436643719,NA,NA,NA,NA
"ran_pars","item_id","sd__(Intercept)",80.808129115006,NA,NA,NA,NA
"ran_pars","Residual","sd__Observation",203.0808900969,NA,NA,NA,NA
"fixed",NA,"(Intercept)",777.044924176061,15.8118431916588,49.1432222516585,100.432606380946,4.66289796483092e-72
"fixed",NA,"cat",94.5695388791229,25.7091687462011,3.67843627356085,51.4868901687798,0.000561401641894044
"ran_pars","subj_id","sd__(Intercept)",93.5845670195295,NA,NA,NA,NA
"ran_pars","subj_id","cor__(Intercept).cat",0.408912558011705,NA,NA,NA,NA
"ran_pars","subj_id","sd__cat",33.5062151244496,NA,NA,NA,NA
"ran_pars","item_id","sd__(Intercept)",87.8679950698638,NA,NA,NA,NA
"ran_pars","Residual","sd__Observation",200.224650371808,NA,NA,NA,NA
"fixed",NA,"(Intercept)",787.575646821322,16.9030007765218,46.5938360433173,116.392991700193,4.04750755733928e-77
"fixed",NA,"cat",75.4873791080358,25.7547588622347,2.93100702327779,52.2293124801504,0.00500259028735174
"ran_pars","subj_id","sd__(Intercept)",111.354843148106,NA,NA,NA,NA
"ran_pars","subj_id","cor__(Intercept).cat",0.216577179073296,NA,NA,NA,NA
"ran_pars","subj_id","sd__cat",40.5683457257033,NA,NA,NA,NA
"ran_pars","item_id","sd__(Intercept)",87.7415994903355,NA,NA,NA,NA
"ran_pars","Residual","sd__Observation",196.731526493265,NA,NA,NA,NA
"fixed",NA,"(Intercept)",797.733770555327,16.1717339135838,49.3288953935393,112.65643393682,4.07954654628673e-78
"fixed",NA,"cat",59.1378137946366,24.9129104498329,2.3737818154054,51.3054414473558,0.0213873319200479
"ran_pars","subj_id","sd__(Intercept)",104.312388461375,NA,NA,NA,NA
"ran_pars","subj_id","cor__(Intercept).cat",0.174548934087183,NA,NA,NA,NA
"ran_pars","subj_id","sd__cat",31.2988361686702,NA,NA,NA,NA
"ran_pars","item_id","sd__(Intercept)",85.027947879723,NA,NA,NA,NA
"ran_pars","Residual","sd__Observation",201.484434806226,NA,NA,NA,NA
"fixed",NA,"(Intercept)",781.253319852084,15.4460353299023,50.5795372835668,104.248124986645,3.54777517277308e-75
"fixed",NA,"cat",28.7822757045971,24.8674722098845,1.15742667616842,52.7858623009379,0.252308725311074
"ran_pars","subj_id","sd__(Intercept)",94.127313728182,NA,NA,NA,NA
"ran_pars","subj_id","cor__(Intercept).cat",0.162112068120797,NA,NA,NA,NA
"ran_pars","subj_id","sd__cat",42.9757978941251,NA,NA,NA,NA
"ran_pars","item_id","sd__(Intercept)",84.2973678036915,NA,NA,NA,NA
"ran_pars","Residual","sd__Observation",198.236867700558,NA,NA,NA,NA
"fixed",NA,"(Intercept)",804.746375055361,16.9400933612724,47.5054273841922,96.3850081180462,1.10622689407528e-68
"fixed",NA,"cat",29.005409662507,28.0140751030262,1.03538701727024,51.3886457958248,0.305336090009231
"ran_pars","subj_id","sd__(Intercept)",96.8628173221956,NA,NA,NA,NA
"ran_pars","subj_id","cor__(Intercept).cat",0.256637027330135,NA,NA,NA,NA
"ran_pars","subj_id","sd__cat",34.9536360161921,NA,NA,NA,NA
"ran_pars","item_id","sd__(Intercept)",96.1301987931966,NA,NA,NA,NA
"ran_pars","Residual","sd__Observation",203.990280311143,NA,NA,NA,NA
"fixed",NA,"(Intercept)",796.132311948353,14.4452892532545,55.1136289478584,105.900836968781,8.4365956034575e-80
"fixed",NA,"cat",43.8476369622175,23.1340688400398,1.89537073073489,53.5536887278627,0.0634459267355122
"ran_pars","subj_id","sd__(Intercept)",89.3995359800643,NA,NA,NA,NA
"ran_pars","subj_id","cor__(Intercept).cat",0.135113899849011,NA,NA,NA,NA
"ran_pars","subj_id","sd__cat",44.9563076698355,NA,NA,NA,NA
"ran_pars","item_id","sd__(Intercept)",77.7169011238978,NA,NA,NA,NA
"ran_pars","Residual","sd__Observation",199.314787078416,NA,NA,NA,NA
"fixed",NA,"(Intercept)",775.049127911839,17.0858138033283,45.3621429352614,109.040126920247,1.29966428633798e-72
"fixed",NA,"cat",44.5419564592021,26.9418364229521,1.65326356228844,52.3334755468965,0.10426450560982
"ran_pars","subj_id","sd__(Intercept)",107.26504628036,NA,NA,NA,NA
"ran_pars","subj_id","cor__(Intercept).cat",0.173948031893016,NA,NA,NA,NA
"ran_pars","subj_id","sd__cat",42.8882532801864,NA,NA,NA,NA
"ran_pars","item_id","sd__(Intercept)",91.9118639973395,NA,NA,NA,NA
"ran_pars","Residual","sd__Observation",198.888372176073,NA,NA,NA,NA
"fixed",NA,"(Intercept)",800.705178370089,14.8113325654004,54.0603065142534,131.401361325479,1.222274256777e-91
"fixed",NA,"cat",70.1918412036765,20.4285698064543,3.43596452755591,53.2073373444286,0.00115288074705517
"ran_pars","subj_id","sd__(Intercept)",109.051212921618,NA,NA,NA,NA
"ran_pars","subj_id","cor__(Intercept).cat",-0.195811963294789,NA,NA,NA,NA
"ran_pars","subj_id","sd__cat",39.3838246907068,NA,NA,NA,NA
"ran_pars","item_id","sd__(Intercept)",67.9251178467589,NA,NA,NA,NA
"ran_pars","Residual","sd__Observation",202.206197681849,NA,NA,NA,NA
"fixed",NA,"(Intercept)",783.646491860207,16.8824646031414,46.4177778707968,102.233784261277,1.62030380713744e-70
"fixed",NA,"cat",83.4989221271172,27.4718481700544,3.03943592037375,52.9778021589691,0.00367727814335819
"ran_pars","subj_id","sd__(Intercept)",101.118660099929,NA,NA,NA,NA
"ran_pars","subj_id","cor__(Intercept).cat",0.294292001959829,NA,NA,NA,NA
"ran_pars","subj_id","sd__cat",48.6120709180497,NA,NA,NA,NA
"ran_pars","item_id","sd__(Intercept)",93.3887071650732,NA,NA,NA,NA
"ran_pars","Residual","sd__Observation",204.190650532689,NA,NA,NA,NA
"fixed",NA,"(Intercept)",821.418863912254,15.4240518354148,53.2557120967534,131.702371105726,5.8094196707153e-91
"fixed",NA,"cat",37.1674826569871,21.4736033293437,1.73084517241676,54.4685284587085,0.0891413074009972
"ran_pars","subj_id","sd__(Intercept)",113.234999298944,NA,NA,NA,NA
"ran_pars","subj_id","cor__(Intercept).cat",0.0691092690998979,NA,NA,NA,NA
"ran_pars","subj_id","sd__cat",47.3251967866525,NA,NA,NA,NA
"ran_pars","item_id","sd__(Intercept)",71.2752263519336,NA,NA,NA,NA
"ran_pars","Residual","sd__Observation",200.954802491447,NA,NA,NA,NA
"fixed",NA,"(Intercept)",804.105390626667,12.7548775877628,63.0429719998362,125.248515079645,9.65126686476879e-97
"fixed",NA,"cat",43.48381940515,18.0094646623743,2.41449816640009,51.5865853961394,0.0193402903601248
"ran_pars","subj_id","sd__(Intercept)",91.3253251444105,NA,NA,NA,NA
"ran_pars","subj_id","cor__(Intercept).cat",0.411028792853964,NA,NA,NA,NA
"ran_pars","subj_id","sd__cat",26.8436376435182,NA,NA,NA,NA
"ran_pars","item_id","sd__(Intercept)",59.6074343028513,NA,NA,NA,NA
"ran_pars","Residual","sd__Observation",202.766215974408,NA,NA,NA,NA
"fixed",NA,"(Intercept)",792.35810015603,14.8551930648666,53.338795173925,109.825057988953,2.35970426709855e-80
"fixed",NA,"cat",35.0751661536696,23.268803401441,1.50739019744769,52.4364028000304,0.13771220266157
"ran_pars","subj_id","sd__(Intercept)",94.3303392813003,NA,NA,NA,NA
"ran_pars","subj_id","cor__(Intercept).cat",0.221281409797402,NA,NA,NA,NA
"ran_pars","subj_id","sd__cat",38.2866610113424,NA,NA,NA,NA
"ran_pars","item_id","sd__(Intercept)",78.6942301831602,NA,NA,NA,NA
"ran_pars","Residual","sd__Observation",197.977203521116,NA,NA,NA,NA
"fixed",NA,"(Intercept)",824.86020934348,16.8829862031611,48.857482877587,118.066448142089,3.5955248227574e-80
"fixed",NA,"cat",50.9217460522594,25.6113635536562,1.9882481440544,53.0779590526164,0.0519520383500711
"ran_pars","subj_id","sd__(Intercept)",112.466100433465,NA,NA,NA,NA
"ran_pars","subj_id","cor__(Intercept).cat",0.140839208314779,NA,NA,NA,NA
"ran_pars","subj_id","sd__cat",46.6326070484681,NA,NA,NA,NA
"ran_pars","item_id","sd__(Intercept)",86.789335468338,NA,NA,NA,NA
"ran_pars","Residual","sd__Observation",198.761297142215,NA,NA,NA,NA
"fixed",NA,"(Intercept)",803.24624156441,14.2673217298709,56.2997216136708,123.107331806757,1.02312150105729e-89
"fixed",NA,"cat",-11.0653415004676,20.9711696462753,-0.527645414495653,54.1879736625653,0.599899444340443
"ran_pars","subj_id","sd__(Intercept)",99.3087797405084,NA,NA,NA,NA
"ran_pars","subj_id","cor__(Intercept).cat",0.247505525388365,NA,NA,NA,NA
"ran_pars","subj_id","sd__cat",44.7810543647812,NA,NA,NA,NA
"ran_pars","item_id","sd__(Intercept)",69.5983022921987,NA,NA,NA,NA
"ran_pars","Residual","sd__Observation",200.694523705105,NA,NA,NA,NA
"fixed",NA,"(Intercept)",767.928937176457,13.733104743357,55.9180863706673,134.219181153327,7.29431871407094e-95
"fixed",NA,"cat",29.7587906985887,18.0888895757108,1.64514192947189,53.0178195913983,0.10585735584936
"ran_pars","subj_id","sd__(Intercept)",104.80287756329,NA,NA,NA,NA
"ran_pars","subj_id","cor__(Intercept).cat",0.0302561589263727,NA,NA,NA,NA
"ran_pars","subj_id","sd__cat",34.8726086434988,NA,NA,NA,NA
"ran_pars","item_id","sd__(Intercept)",59.4741420011304,NA,NA,NA,NA
"ran_pars","Residual","sd__Observation",200.228158623448,NA,NA,NA,NA
"fixed",NA,"(Intercept)",787.692936186215,14.65938644695,53.7330084745875,129.276673031023,2.69418705352104e-90
"fixed",NA,"cat",36.3228204068465,20.8569259872663,1.74152319613266,55.6419549181657,0.0871183014700801
"ran_pars","subj_id","sd__(Intercept)",106.12491903475,NA,NA,NA,NA
"ran_pars","subj_id","cor__(Intercept).cat",0.320573124872498,NA,NA,NA,NA
"ran_pars","subj_id","sd__cat",50.9125281630128,NA,NA,NA,NA
"ran_pars","item_id","sd__(Intercept)",68.699598585002,NA,NA,NA,NA
"ran_pars","Residual","sd__Observation",198.493446804711,NA,NA,NA,NA
"fixed",NA,"(Intercept)",809.929744216356,15.177375653381,53.3642813298839,99.8433910339727,3.28290772474258e-75
"fixed",NA,"cat",100.314524294255,25.0472557139713,4.00501058638131,54.0975819782038,0.000190642028449435
"ran_pars","subj_id","sd__(Intercept)",89.5105858802998,NA,NA,NA,NA
"ran_pars","subj_id","cor__(Intercept).cat",0.354176266746468,NA,NA,NA,NA
"ran_pars","subj_id","sd__cat",51.4197348214951,NA,NA,NA,NA
"ran_pars","item_id","sd__(Intercept)",84.3908598432856,NA,NA,NA,NA
"ran_pars","Residual","sd__Observation",197.42007719243,NA,NA,NA,NA
"fixed",NA,"(Intercept)",795.65849588,15.5343995582987,51.2191342120429,118.466113601963,1.12976608306709e-82
"fixed",NA,"cat",29.0343102367053,23.4395447624656,1.23868916956095,53.1135950256132,0.220907162278921
"ran_pars","subj_id","sd__(Intercept)",104.232170648347,NA,NA,NA,NA
"ran_pars","subj_id","cor__(Intercept).cat",0.120590600954462,NA,NA,NA,NA
"ran_pars","subj_id","sd__cat",43.2617568378258,NA,NA,NA,NA
"ran_pars","item_id","sd__(Intercept)",78.9581010315751,NA,NA,NA,NA
"ran_pars","Residual","sd__Observation",199.830944624738,NA,NA,NA,NA
"fixed",NA,"(Intercept)",805.587203870357,14.1819671050972,56.8036294189977,106.781137687547,1.27907135228637e-81
"fixed",NA,"cat",73.4218371843884,22.6815652844485,3.23707099856682,54.1626004383205,0.00206304754043716
"ran_pars","subj_id","sd__(Intercept)",88.3945344095131,NA,NA,NA,NA
"ran_pars","subj_id","cor__(Intercept).cat",0.26698019550531,NA,NA,NA,NA
"ran_pars","subj_id","sd__cat",47.4177059877369,NA,NA,NA,NA
"ran_pars","item_id","sd__(Intercept)",75.8670334008785,NA,NA,NA,NA
"ran_pars","Residual","sd__Observation",198.445442052996,NA,NA,NA,NA
"fixed",NA,"(Intercept)",820.680073926208,14.1581559586914,57.9651810815385,125.789303186681,1.33035982313315e-92
"fixed",NA,"cat",42.6771006302867,20.2481010612076,2.10770879211235,52.626466411087,0.0398371451660877
"ran_pars","subj_id","sd__(Intercept)",100.573887522877,NA,NA,NA,NA
"ran_pars","subj_id","cor__(Intercept).cat",0.408857064074276,NA,NA,NA,NA
"ran_pars","subj_id","sd__cat",35.744020536257,NA,NA,NA,NA
"ran_pars","item_id","sd__(Intercept)",67.4594970465314,NA,NA,NA,NA
"ran_pars","Residual","sd__Observation",203.551428397713,NA,NA,NA,NA
"fixed",NA,"(Intercept)",813.263284539794,16.4566840318463,49.4184176451344,105.276219122258,1.14645607041475e-74
"fixed",NA,"cat",61.9908711075921,26.2922625665345,2.35776099339947,51.9356182108411,0.0221875285679003
"ran_pars","subj_id","sd__(Intercept)",100.851012312331,NA,NA,NA,NA
"ran_pars","subj_id","cor__(Intercept).cat",0.109021958213615,NA,NA,NA,NA
"ran_pars","subj_id","sd__cat",38.5101817037151,NA,NA,NA,NA
"ran_pars","item_id","sd__(Intercept)",89.7003325250458,NA,NA,NA,NA
"ran_pars","Residual","sd__Observation",202.363403036233,NA,NA,NA,NA
"fixed",NA,"(Intercept)",813.974754184903,16.5658197207479,49.1357969545834,95.9063189326727,8.45230490154982e-70
"fixed",NA,"cat",35.4940873671893,27.5679114695664,1.28751455859734,52.2545193134516,0.203588368920188
"ran_pars","subj_id","sd__(Intercept)",94.335728252864,NA,NA,NA,NA
"ran_pars","subj_id","cor__(Intercept).cat",0.408917578378013,NA,NA,NA,NA
"ran_pars","subj_id","sd__cat",42.723992922643,NA,NA,NA,NA
"ran_pars","item_id","sd__(Intercept)",94.2092985591627,NA,NA,NA,NA
"ran_pars","Residual","sd__Observation",199.075966281042,NA,NA,NA,NA
"fixed",NA,"(Intercept)",803.05013825792,15.4105366307125,52.1104590645778,118.761972522213,1.1479535835371e-83
"fixed",NA,"cat",58.9019051339814,23.094992644761,2.55041887390872,52.0590804476405,0.0137401407675643
"ran_pars","subj_id","sd__(Intercept)",103.595405483592,NA,NA,NA,NA
"ran_pars","subj_id","cor__(Intercept).cat",0.510409838924917,NA,NA,NA,NA
"ran_pars","subj_id","sd__cat",35.6657395378201,NA,NA,NA,NA
"ran_pars","item_id","sd__(Intercept)",78.1996185304691,NA,NA,NA,NA
"ran_pars","Residual","sd__Observation",198.254282516444,NA,NA,NA,NA
"fixed",NA,"(Intercept)",796.990954603909,17.1049283432031,46.5942293713617,107.909261642794,2.64559730832366e-73
"fixed",NA,"cat",84.8524078680652,27.1101444725863,3.12991352568658,52.4498127371089,0.00285556237621355
"ran_pars","subj_id","sd__(Intercept)",106.634646211245,NA,NA,NA,NA
"ran_pars","subj_id","cor__(Intercept).cat",0.478367453486932,NA,NA,NA,NA
"ran_pars","subj_id","sd__cat",44.1401741319908,NA,NA,NA,NA
"ran_pars","item_id","sd__(Intercept)",92.3717369516031,NA,NA,NA,NA
"ran_pars","Residual","sd__Observation",202.710879715563,NA,NA,NA,NA
"fixed",NA,"(Intercept)",786.303692449029,14.4696545128139,54.3415664660617,127.632674283071,4.16534441327355e-90
"fixed",NA,"cat",13.4056296723104,20.87290342917,0.642250356678986,56.1428546411353,0.523324656149502
"ran_pars","subj_id","sd__(Intercept)",103.638375024026,NA,NA,NA,NA
"ran_pars","subj_id","cor__(Intercept).cat",-0.149338123846196,NA,NA,NA,NA
"ran_pars","subj_id","sd__cat",52.7550962349735,NA,NA,NA,NA
"ran_pars","item_id","sd__(Intercept)",68.5936833223522,NA,NA,NA,NA
"ran_pars","Residual","sd__Observation",198.241091974232,NA,NA,NA,NA
"fixed",NA,"(Intercept)",794.983762545329,15.3037416926699,51.9470191349418,114.33262205742,2.31198479505666e-81
"fixed",NA,"cat",24.3996252620445,23.5531540503197,1.03593876259275,53.0495289590893,0.304929958237815
"ran_pars","subj_id","sd__(Intercept)",100.062653161458,NA,NA,NA,NA
"ran_pars","subj_id","cor__(Intercept).cat",0.350166713435735,NA,NA,NA,NA
"ran_pars","subj_id","sd__cat",42.9353104596846,NA,NA,NA,NA
"ran_pars","item_id","sd__(Intercept)",79.3887548347477,NA,NA,NA,NA
"ran_pars","Residual","sd__Observation",200.345655488474,NA,NA,NA,NA
"fixed",NA,"(Intercept)",824.599235190253,15.8140892535617,52.1433275080659,112.850664009279,8.18551366067461e-81
"fixed",NA,"cat",13.4654685127459,24.7149261246695,0.544831428782024,54.3709425407408,0.588097358802633
"ran_pars","subj_id","sd__(Intercept)",102.121837005813,NA,NA,NA,NA
"ran_pars","subj_id","cor__(Intercept).cat",0.200463922523546,NA,NA,NA,NA
"ran_pars","subj_id","sd__cat",52.5744057571483,NA,NA,NA,NA
"ran_pars","item_id","sd__(Intercept)",83.0904661606588,NA,NA,NA,NA
"ran_pars","Residual","sd__Observation",196.42061563485,NA,NA,NA,NA
"fixed",NA,"(Intercept)",791.431449098877,14.2630190446649,55.4883539466991,120.855724604196,7.7250151862037e-88
"fixed",NA,"cat",39.4688935605728,21.2351761361205,1.85865628368569,54.2285208590558,0.0685063606488339
"ran_pars","subj_id","sd__(Intercept)",97.9136042794085,NA,NA,NA,NA
"ran_pars","subj_id","cor__(Intercept).cat",-0.0709092358329729,NA,NA,NA,NA
"ran_pars","subj_id","sd__cat",45.4761614228277,NA,NA,NA,NA
"ran_pars","item_id","sd__(Intercept)",70.4529977274807,NA,NA,NA,NA
"ran_pars","Residual","sd__Observation",203.598569037798,NA,NA,NA,NA
"fixed",NA,"(Intercept)",803.924848002279,14.2381562477897,56.462707250251,111.771746955136,5.28635505455636e-84
"fixed",NA,"cat",59.1933454122312,22.1532691214134,2.67199143782417,53.4309506001867,0.00997461350113324
"ran_pars","subj_id","sd__(Intercept)",91.9839703225369,NA,NA,NA,NA
"ran_pars","subj_id","cor__(Intercept).cat",0.134048530366731,NA,NA,NA,NA
"ran_pars","subj_id","sd__cat",42.789007083415,NA,NA,NA,NA
"ran_pars","item_id","sd__(Intercept)",74.1144855752324,NA,NA,NA,NA
"ran_pars","Residual","sd__Observation",203.167983844178,NA,NA,NA,NA
"fixed",NA,"(Intercept)",800.998078000687,14.9539783586786,53.5642127324483,110.357833286119,8.08980156819859e-81
"fixed",NA,"cat",61.3241218942799,23.4415201545018,2.61604714583764,53.0340291180167,0.0115608336285553
"ran_pars","subj_id","sd__(Intercept)",95.2653776199042,NA,NA,NA,NA
"ran_pars","subj_id","cor__(Intercept).cat",0.237959592587525,NA,NA,NA,NA
"ran_pars","subj_id","sd__cat",42.4719661295538,NA,NA,NA,NA
"ran_pars","item_id","sd__(Intercept)",79.0691958520631,NA,NA,NA,NA
"ran_pars","Residual","sd__Observation",197.83569404101,NA,NA,NA,NA
"fixed",NA,"(Intercept)",799.429294598839,13.2837991138801,60.1807726649165,96.3664575565428,2.99805578216813e-78
"fixed",NA,"cat",29.0099133138462,21.9298144411703,1.32285265758492,51.8049593942483,0.191694191601191
"ran_pars","subj_id","sd__(Intercept)",76.623657481639,NA,NA,NA,NA
"ran_pars","subj_id","cor__(Intercept).cat",0.0768506188465509,NA,NA,NA,NA
"ran_pars","subj_id","sd__cat",31.5069536245414,NA,NA,NA,NA
"ran_pars","item_id","sd__(Intercept)",74.1460665500965,NA,NA,NA,NA
"ran_pars","Residual","sd__Observation",197.416898241386,NA,NA,NA,NA
"fixed",NA,"(Intercept)",802.725448328639,13.2540339197646,60.564614002655,114.416411077699,9.17241704275772e-89
"fixed",NA,"cat",50.6524205044862,20.3037772090354,2.49472893555714,53.4581652914221,0.0157286296933063
"ran_pars","subj_id","sd__(Intercept)",87.4977232598971,NA,NA,NA,NA
"ran_pars","subj_id","cor__(Intercept).cat",0.172647839767794,NA,NA,NA,NA
"ran_pars","subj_id","sd__cat",39.7489262694336,NA,NA,NA,NA
"ran_pars","item_id","sd__(Intercept)",67.5176923185707,NA,NA,NA,NA
"ran_pars","Residual","sd__Observation",199.225046983322,NA,NA,NA,NA
"fixed",NA,"(Intercept)",804.040546215209,14.3050834942034,56.2066307785631,103.515048790498,2.1766605367853e-79
"fixed",NA,"cat",56.5527642046628,22.9481365882689,2.46437282552922,51.8239397905943,0.0170791225165244
"ran_pars","subj_id","sd__(Intercept)",87.0219922849318,NA,NA,NA,NA
"ran_pars","subj_id","cor__(Intercept).cat",0.0752298695365743,NA,NA,NA,NA
"ran_pars","subj_id","sd__cat",33.1487607896532,NA,NA,NA,NA
"ran_pars","item_id","sd__(Intercept)",77.7912812530817,NA,NA,NA,NA
"ran_pars","Residual","sd__Observation",198.462510109817,NA,NA,NA,NA
"fixed",NA,"(Intercept)",785.200547327934,14.5916948354621,53.8114698931112,115.635330960917,1.06505946527233e-83
"fixed",NA,"cat",78.6342104596713,22.3177251042742,3.52339721419957,53.5046338684233,0.000881084484638309
"ran_pars","subj_id","sd__(Intercept)",96.5060615814605,NA,NA,NA,NA
"ran_pars","subj_id","cor__(Intercept).cat",0.0316591674872658,NA,NA,NA,NA
"ran_pars","subj_id","sd__cat",43.5286319834982,NA,NA,NA,NA
"ran_pars","item_id","sd__(Intercept)",74.7465209008056,NA,NA,NA,NA
"ran_pars","Residual","sd__Observation",200.530686131851,NA,NA,NA,NA
"fixed",NA,"(Intercept)",802.897023130143,14.6916996469375,54.649703058523,107.087510476836,4.78917846748397e-80
"fixed",NA,"cat",55.5760202151725,23.4090830928616,2.37412204462292,53.5188229327151,0.0212087640553384
"ran_pars","subj_id","sd__(Intercept)",91.6423286017592,NA,NA,NA,NA
"ran_pars","subj_id","cor__(Intercept).cat",0.313181152609367,NA,NA,NA,NA
"ran_pars","subj_id","sd__cat",45.3140958722897,NA,NA,NA,NA
"ran_pars","item_id","sd__(Intercept)",78.690436297148,NA,NA,NA,NA
"ran_pars","Residual","sd__Observation",200.239597827089,NA,NA,NA,NA
"fixed",NA,"(Intercept)",805.421389113012,14.7470716143502,54.6156830437622,116.057833555726,1.24851216739974e-84
"fixed",NA,"cat",83.4257902755502,22.641725605989,3.68460389138728,54.4924049723196,0.000528158238656976
"ran_pars","subj_id","sd__(Intercept)",97.6528576541902,NA,NA,NA,NA
"ran_pars","subj_id","cor__(Intercept).cat",0.0785489556793144,NA,NA,NA,NA
"ran_pars","subj_id","sd__cat",49.1797498397648,NA,NA,NA,NA
"ran_pars","item_id","sd__(Intercept)",75.59689210941,NA,NA,NA,NA
"ran_pars","Residual","sd__Observation",197.705755940933,NA,NA,NA,NA
"fixed",NA,"(Intercept)",795.395795851544,16.7110807929421,47.5969092428466,111.794384966221,4.72875836322357e-76
"fixed",NA,"cat",29.8838284706107,25.7988961419479,1.15833748491358,50.6928852333301,0.252154402261677
"ran_pars","subj_id","sd__(Intercept)",106.976030557218,NA,NA,NA,NA
"ran_pars","subj_id","cor__(Intercept).cat",-0.0494336573053345,NA,NA,NA,NA
"ran_pars","subj_id","sd__cat",25.0938271711307,NA,NA,NA,NA
"ran_pars","item_id","sd__(Intercept)",88.5669412291686,NA,NA,NA,NA
"ran_pars","Residual","sd__Observation",199.241669294682,NA,NA,NA,NA
"fixed",NA,"(Intercept)",816.820689370898,12.8541138788067,63.5454685614414,126.413476943924,8.3928287167082e-98
"fixed",NA,"cat",27.850366755737,18.5090510269898,1.5046890688845,57.0339515513267,0.137922170803113
"ran_pars","subj_id","sd__(Intercept)",92.7101400986681,NA,NA,NA,NA
"ran_pars","subj_id","cor__(Intercept).cat",0.197317601572217,NA,NA,NA,NA
"ran_pars","subj_id","sd__cat",50.4765277797407,NA,NA,NA,NA
"ran_pars","item_id","sd__(Intercept)",59.6316344420656,NA,NA,NA,NA
"ran_pars","Residual","sd__Observation",201.964183873466,NA,NA,NA,NA
"fixed",NA,"(Intercept)",779.391317582926,16.2812686578396,47.8704291392945,107.107975591456,3.88819147850543e-74
"fixed",NA,"cat",39.0670886425565,25.9713583450038,1.50423740351155,53.1908917408003,0.138435301489933
"ran_pars","subj_id","sd__(Intercept)",101.069777842921,NA,NA,NA,NA
"ran_pars","subj_id","cor__(Intercept).cat",0.498546302142466,NA,NA,NA,NA
"ran_pars","subj_id","sd__cat",47.7458035625057,NA,NA,NA,NA
"ran_pars","item_id","sd__(Intercept)",88.0386242062715,NA,NA,NA,NA
"ran_pars","Residual","sd__Observation",198.906034773784,NA,NA,NA,NA
"fixed",NA,"(Intercept)",803.18231832725,14.8191947374172,54.1987829000779,113.461888335595,6.02240184483893e-83
"fixed",NA,"cat",56.5227223608036,23.0062503042921,2.45684201524395,54.2614367990616,0.0172446285754361
"ran_pars","subj_id","sd__(Intercept)",96.5580722740293,NA,NA,NA,NA
"ran_pars","subj_id","cor__(Intercept).cat",0.253435356770168,NA,NA,NA,NA
"ran_pars","subj_id","sd__cat",48.7769159058487,NA,NA,NA,NA
"ran_pars","item_id","sd__(Intercept)",76.8848038911492,NA,NA,NA,NA
"ran_pars","Residual","sd__Observation",201.847195486036,NA,NA,NA,NA
"fixed",NA,"(Intercept)",790.947164450803,15.676565887473,50.4541090266996,118.954091971771,3.66714456739755e-82
"fixed",NA,"cat",57.5677201490843,23.4467536550352,2.4552533368184,51.7956968459817,0.0174729312129728
"ran_pars","subj_id","sd__(Intercept)",105.473954635182,NA,NA,NA,NA
"ran_pars","subj_id","cor__(Intercept).cat",0.296312192538047,NA,NA,NA,NA
"ran_pars","subj_id","sd__cat",34.2368063903617,NA,NA,NA,NA
"ran_pars","item_id","sd__(Intercept)",79.5315158027649,NA,NA,NA,NA
"ran_pars","Residual","sd__Observation",200.024084084013,NA,NA,NA,NA
"fixed",NA,"(Intercept)",817.6586911886,16.3009589636344,50.1601588601445,100.029170771226,1.02866155134039e-72
"fixed",NA,"cat",85.5477262462589,26.8848972471457,3.18199937533112,53.9676609274156,0.00242647513070676
"ran_pars","subj_id","sd__(Intercept)",96.1107874680029,NA,NA,NA,NA
"ran_pars","subj_id","cor__(Intercept).cat",-0.0656633341073447,NA,NA,NA,NA
"ran_pars","subj_id","sd__cat",54.2254425173709,NA,NA,NA,NA
"ran_pars","item_id","sd__(Intercept)",90.8555219688847,NA,NA,NA,NA
"ran_pars","Residual","sd__Observation",203.149095643218,NA,NA,NA,NA
"fixed",NA,"(Intercept)",798.806914177261,14.1119858203807,56.6048552163095,115.784215941939,3.16564501672932e-86
"fixed",NA,"cat",98.9399754871809,21.3898955665455,4.62554738424841,52.3018245744713,2.49214441892148e-05
"ran_pars","subj_id","sd__(Intercept)",93.7196057133808,NA,NA,NA,NA
"ran_pars","subj_id","cor__(Intercept).cat",0.165372243778115,NA,NA,NA,NA
"ran_pars","subj_id","sd__cat",35.0280415839378,NA,NA,NA,NA
"ran_pars","item_id","sd__(Intercept)",71.7870770271875,NA,NA,NA,NA
"ran_pars","Residual","sd__Observation",203.06169360286,NA,NA,NA,NA
"fixed",NA,"(Intercept)",799.441689406669,14.7820339314495,54.0819817566388,122.65313303201,1.98862303726918e-87
"fixed",NA,"cat",56.575565228404,21.6096711445621,2.61806692244091,52.0072675470543,0.0115558620253797
"ran_pars","subj_id","sd__(Intercept)",102.260019190424,NA,NA,NA,NA
"ran_pars","subj_id","cor__(Intercept).cat",0.124519744383944,NA,NA,NA,NA
"ran_pars","subj_id","sd__cat",33.508565124632,NA,NA,NA,NA
"ran_pars","item_id","sd__(Intercept)",72.7765418925159,NA,NA,NA,NA
"ran_pars","Residual","sd__Observation",200.111355319744,NA,NA,NA,NA
"fixed",NA,"(Intercept)",809.094445219476,14.6122894007653,55.3708199330561,129.20884933876,7.04006665303055e-92
"fixed",NA,"cat",99.0095369127984,20.4384435397219,4.84427968892908,52.8267416914453,1.1524563437955e-05
"ran_pars","subj_id","sd__(Intercept)",106.097581801118,NA,NA,NA,NA
"ran_pars","subj_id","cor__(Intercept).cat",0.29548125786261,NA,NA,NA,NA
"ran_pars","subj_id","sd__cat",37.3119856900732,NA,NA,NA,NA
"ran_pars","item_id","sd__(Intercept)",68.0345035529466,NA,NA,NA,NA
"ran_pars","Residual","sd__Observation",204.672414083341,NA,NA,NA,NA
"fixed",NA,"(Intercept)",806.107281446041,13.5172928962418,59.6352603760004,128.281357514491,2.10176768246817e-95
"fixed",NA,"cat",25.2320580869546,19.2067374770628,1.31370869816321,55.7634827770666,0.194323564175622
"ran_pars","subj_id","sd__(Intercept)",98.0797653831883,NA,NA,NA,NA
"ran_pars","subj_id","cor__(Intercept).cat",0.35030039253293,NA,NA,NA,NA
"ran_pars","subj_id","sd__cat",47.7656263923284,NA,NA,NA,NA
"ran_pars","item_id","sd__(Intercept)",62.6725605469858,NA,NA,NA,NA
"ran_pars","Residual","sd__Observation",199.547069087117,NA,NA,NA,NA
"fixed",NA,"(Intercept)",777.516415088001,14.9303548406513,52.0762181064201,109.466677917402,4.47721149413299e-79
"fixed",NA,"cat",66.1860368985951,23.6481258403163,2.79878571965979,54.4450258830696,0.00708072831844686
"ran_pars","subj_id","sd__(Intercept)",94.6441211402189,NA,NA,NA,NA
"ran_pars","subj_id","cor__(Intercept).cat",0.033273764952473,NA,NA,NA,NA
"ran_pars","subj_id","sd__cat",50.8647812780511,NA,NA,NA,NA
"ran_pars","item_id","sd__(Intercept)",79.1208274495466,NA,NA,NA,NA
"ran_pars","Residual","sd__Observation",201.721246745125,NA,NA,NA,NA
"fixed",NA,"(Intercept)",791.562954370255,15.3266197217064,51.6462839649632,112.725253721349,2.66150211157206e-80
"fixed",NA,"cat",-0.872737661824294,23.7888555982218,-0.0366868283436691,53.1805761246457,0.970872077981398
"ran_pars","subj_id","sd__(Intercept)",99.138743283711,NA,NA,NA,NA
"ran_pars","subj_id","cor__(Intercept).cat",0.143574329791652,NA,NA,NA,NA
"ran_pars","subj_id","sd__cat",44.077408150664,NA,NA,NA,NA
"ran_pars","item_id","sd__(Intercept)",80.1900385397342,NA,NA,NA,NA
"ran_pars","Residual","sd__Observation",200.143976614523,NA,NA,NA,NA
"fixed",NA,"(Intercept)",809.582611082603,15.3114481349432,52.8743332405643,107.3855473044,1.02351303292607e-78
"fixed",NA,"cat",30.7868333625348,24.2515120197301,1.26948098483459,52.3550856963384,0.209883685776999
"ran_pars","subj_id","sd__(Intercept)",95.5052995945218,NA,NA,NA,NA
"ran_pars","subj_id","cor__(Intercept).cat",-0.019462001708714,NA,NA,NA,NA
"ran_pars","subj_id","sd__cat",39.0186485061397,NA,NA,NA,NA
"ran_pars","item_id","sd__(Intercept)",82.2116652843409,NA,NA,NA,NA
"ran_pars","Residual","sd__Observation",200.657211509582,NA,NA,NA,NA
"fixed",NA,"(Intercept)",823.713081237025,13.7582495304366,59.8704856613314,107.56778612666,2.00298974545956e-84
"fixed",NA,"cat",63.7943641210581,21.6237965708028,2.95019257659848,51.6703640713732,0.00476301114904226
"ran_pars","subj_id","sd__(Intercept)",86.4428619835618,NA,NA,NA,NA
"ran_pars","subj_id","cor__(Intercept).cat",-0.149611660750181,NA,NA,NA,NA
"ran_pars","subj_id","sd__cat",30.5378340503912,NA,NA,NA,NA
"ran_pars","item_id","sd__(Intercept)",72.9738924182529,NA,NA,NA,NA
"ran_pars","Residual","sd__Observation",200.773090443528,NA,NA,NA,NA
"fixed",NA,"(Intercept)",795.811732627399,16.8724162319197,47.1664355412156,104.25351405732,3.79509331471133e-72
"fixed",NA,"cat",49.6891532191805,27.0431361091316,1.83740351040137,51.5756556806668,0.0719144561845277
"ran_pars","subj_id","sd__(Intercept)",102.516293994399,NA,NA,NA,NA
"ran_pars","subj_id","cor__(Intercept).cat",0.421230987275883,NA,NA,NA,NA
"ran_pars","subj_id","sd__cat",36.0570575310164,NA,NA,NA,NA
"ran_pars","item_id","sd__(Intercept)",92.6065628452169,NA,NA,NA,NA
"ran_pars","Residual","sd__Observation",200.786136468944,NA,NA,NA,NA
"fixed",NA,"(Intercept)",802.769752839007,17.3882255874109,46.1674337501242,115.413679598302,3.01143013710587e-76
"fixed",NA,"cat",72.0093297274009,26.5260985204152,2.71465966515884,51.4844005734534,0.00900607511948754
"ran_pars","subj_id","sd__(Intercept)",113.796467549418,NA,NA,NA,NA
"ran_pars","subj_id","cor__(Intercept).cat",0.343697924220681,NA,NA,NA,NA
"ran_pars","subj_id","sd__cat",34.9539518064502,NA,NA,NA,NA
"ran_pars","item_id","sd__(Intercept)",90.7654198167978,NA,NA,NA,NA
"ran_pars","Residual","sd__Observation",201.082074301473,NA,NA,NA,NA
"fixed",NA,"(Intercept)",774.201192100891,14.6801138212698,52.7380919199115,113.186453530745,1.62888863143163e-81
"fixed",NA,"cat",41.1522084009239,22.560641792252,1.82407082120584,51.9080995107953,0.0739001405824204
"ran_pars","subj_id","sd__(Intercept)",95.4400000884226,NA,NA,NA,NA
"ran_pars","subj_id","cor__(Intercept).cat",-0.0819905220329489,NA,NA,NA,NA
"ran_pars","subj_id","sd__cat",33.6323289882004,NA,NA,NA,NA
"ran_pars","item_id","sd__(Intercept)",76.3257532932892,NA,NA,NA,NA
"ran_pars","Residual","sd__Observation",198.813899424909,NA,NA,NA,NA
"fixed",NA,"(Intercept)",779.147812185596,15.3020277617652,50.9179452760134,111.25791191175,6.36793938314708e-79
"fixed",NA,"cat",49.6962927578544,23.6018257970377,2.10561221768241,50.4591159957176,0.0402354698761706
"ran_pars","subj_id","sd__(Intercept)",97.9324303122607,NA,NA,NA,NA
"ran_pars","subj_id","cor__(Intercept).cat",0.533799671456203,NA,NA,NA,NA
"ran_pars","subj_id","sd__cat",20.170281953875,NA,NA,NA,NA
"ran_pars","item_id","sd__(Intercept)",80.7823449503147,NA,NA,NA,NA
"ran_pars","Residual","sd__Observation",196.579493332184,NA,NA,NA,NA
"fixed",NA,"(Intercept)",768.590534743436,15.5634637512809,49.3842853381644,109.209572142099,1.56672225805323e-76
"fixed",NA,"cat",55.3358401108413,24.4260228473364,2.26544617831124,52.1827757180579,0.0276626595764299
"ran_pars","subj_id","sd__(Intercept)",98.338156413999,NA,NA,NA,NA
"ran_pars","subj_id","cor__(Intercept).cat",0.231418480639795,NA,NA,NA,NA
"ran_pars","subj_id","sd__cat",38.1584809250018,NA,NA,NA,NA
"ran_pars","item_id","sd__(Intercept)",82.8035341400135,NA,NA,NA,NA
"ran_pars","Residual","sd__Observation",204.804401159416,NA,NA,NA,NA
"fixed",NA,"(Intercept)",812.239649112321,15.1835818444296,53.4946007756601,121.872366393463,1.72650885196932e-86
"fixed",NA,"cat",39.9910786539396,22.4978190318241,1.77755357518747,53.4245155916196,0.0811693598188839
"ran_pars","subj_id","sd__(Intercept)",104.284145491373,NA,NA,NA,NA
"ran_pars","subj_id","cor__(Intercept).cat",0.412209146323805,NA,NA,NA,NA
"ran_pars","subj_id","sd__cat",43.5827382313258,NA,NA,NA,NA
"ran_pars","item_id","sd__(Intercept)",75.4410654408922,NA,NA,NA,NA
"ran_pars","Residual","sd__Observation",199.527448245803,NA,NA,NA,NA
"fixed",NA,"(Intercept)",802.225471220796,14.9698004516244,53.5895901761166,122.313400404443,8.54596105184856e-87
"fixed",NA,"cat",81.741543318141,22.1834655690178,3.68479591540034,54.2153757236604,0.000529794554927013
"ran_pars","subj_id","sd__(Intercept)",103.263927861956,NA,NA,NA,NA
"ran_pars","subj_id","cor__(Intercept).cat",0.128053904450528,NA,NA,NA,NA
"ran_pars","subj_id","sd__cat",47.184737262346,NA,NA,NA,NA
"ran_pars","item_id","sd__(Intercept)",73.9552348614504,NA,NA,NA,NA
"ran_pars","Residual","sd__Observation",200.910456651911,NA,NA,NA,NA
"fixed",NA,"(Intercept)",790.288170529265,15.9822031297315,49.4480118988789,126.355729198761,1.53970372255509e-84
"fixed",NA,"cat",99.2315173584412,23.0280123834574,4.30916553743589,52.9156793777422,7.15207994985824e-05
"ran_pars","subj_id","sd__(Intercept)",112.794824747482,NA,NA,NA,NA
"ran_pars","subj_id","cor__(Intercept).cat",0.483375445035035,NA,NA,NA,NA
"ran_pars","subj_id","sd__cat",41.8007014357331,NA,NA,NA,NA
"ran_pars","item_id","sd__(Intercept)",77.4345240576427,NA,NA,NA,NA
"ran_pars","Residual","sd__Observation",203.494246370666,NA,NA,NA,NA
"fixed",NA,"(Intercept)",789.246934888239,13.7778673603579,57.2836792694844,125.504583400991,7.79150526376786e-92
"fixed",NA,"cat",60.3141684916583,20.0996128178776,3.00076270315078,56.3315487344572,0.00400724687295418
"ran_pars","subj_id","sd__(Intercept)",97.7296148833044,NA,NA,NA,NA
"ran_pars","subj_id","cor__(Intercept).cat",0.000755175213957841,NA,NA,NA,NA
"ran_pars","subj_id","sd__cat",51.6904482857011,NA,NA,NA,NA
"ran_pars","item_id","sd__(Intercept)",65.7268447595318,NA,NA,NA,NA
"ran_pars","Residual","sd__Observation",198.978520277254,NA,NA,NA,NA
"fixed",NA,"(Intercept)",833.599429001418,15.3502887003104,54.3051303643925,105.216924012571,8.72109599368099e-79
"fixed",NA,"cat",87.3533902399385,24.5041157589804,3.56484564059099,51.9884518652235,0.000790945929230981
"ran_pars","subj_id","sd__(Intercept)",94.2662782689003,NA,NA,NA,NA
"ran_pars","subj_id","cor__(Intercept).cat",0.415057276709813,NA,NA,NA,NA
"ran_pars","subj_id","sd__cat",36.5670413693494,NA,NA,NA,NA
"ran_pars","item_id","sd__(Intercept)",83.2989398427624,NA,NA,NA,NA
"ran_pars","Residual","sd__Observation",199.947285773245,NA,NA,NA,NA
"fixed",NA,"(Intercept)",799.425571001748,15.2852058797385,52.3006086598702,129.098729536896,9.21145453174351e-89
"fixed",NA,"cat",27.4759469588455,21.3624622239345,1.28617884356334,51.3527979620745,0.204149568997206
"ran_pars","subj_id","sd__(Intercept)",110.280002523327,NA,NA,NA,NA
"ran_pars","subj_id","cor__(Intercept).cat",0.167821918140966,NA,NA,NA,NA
"ran_pars","subj_id","sd__cat",28.7608681836912,NA,NA,NA,NA
"ran_pars","item_id","sd__(Intercept)",72.0426296322121,NA,NA,NA,NA
"ran_pars","Residual","sd__Observation",202.705692249327,NA,NA,NA,NA
"fixed",NA,"(Intercept)",825.397958459288,13.4943638885812,61.1661257451144,116.376640559903,2.52133895248575e-90
"fixed",NA,"cat",69.4401610806591,20.508030979875,3.38599844854937,53.9687594882313,0.0013289837442856
"ran_pars","subj_id","sd__(Intercept)",90.2910457269709,NA,NA,NA,NA
"ran_pars","subj_id","cor__(Intercept).cat",0.131133812726629,NA,NA,NA,NA
"ran_pars","subj_id","sd__cat",42.7630976200552,NA,NA,NA,NA
"ran_pars","item_id","sd__(Intercept)",67.9417626090398,NA,NA,NA,NA
"ran_pars","Residual","sd__Observation",203.118995225175,NA,NA,NA,NA
